pred_fun,user1_sat,user2_sat,user3_sat,user4_sat,user5_sat
groupAveragePred,0.942427711819782,0.967024581027558,0.9921126102437701,0.978567206603607,0.6969124792145384
groupLeastMiseryPred,0.8538220349438044,0.8666462559762076,0.8841177939726028,0.9422091368296196,0.8661871057945102
customRecommendations,0.9645047807929101,0.9534006242526945,0.9380944923973444,0.958426762438429,0.7015254899876484
sequentialRecommendations,0.8960968275100554,0.8965466794646463,0.9053888614062817,0.9240735823682406,0.8216625181951677
