pred_fun,sim_fun,k1,k2,lmb,lev_th,mean_err,std_err,max_err,mean_time
basePred,pearsonSimilarity,20,,,,0.5216545935665444,0.6064595794016476,4.0,0.164895339012146
basePred,cosineSimilarity,20,,,,0.6893134053388019,0.7215016271174554,4.0,0.12710020065307617
basePred,jaccardSimilarity,20,,,,0.7351042348221174,0.745550169121027,4.0,0.14626484394073486
basePred,euclideanDistance,20,,,,0.6911297528973612,0.7115961608194065,4.0,0.13113694190979003
basePred,manhattanDistance,20,,,,0.7149488925369972,0.7204149267611002,4.0,0.1313838005065918
