pred_fun,user1_sat,user2_sat,user3_sat,user4_sat,user5_sat
groupAveragePred,0.9479340488312865,0.9716003016147772,0.9564716265692357,0.9711944031035599,0.6834520692631064
groupLeastMiseryPred,0.7726577747907483,0.7660204492309096,0.7523149444465487,0.8001601424526628,0.9289574872477516
customRecommendations,0.8699621831446176,0.8479134457742404,0.8979086762667666,0.8532692452166354,0.8100764969187702
sequentialRecommendations,0.9030595063560624,0.8814281064176092,0.9027883212564619,0.9147397908185751,0.7367287536048468
