pred_fun,sim_fun,k1,k2,lmb,lev_th,mean_err,std_err,max_err,mean_time
basePred,pearsonSimilarity,5,,,,0.5313810503196776,0.6212247129370776,4.0,0.15982312679290772
basePred,pearsonSimilarity,10,,,,0.5232261760702568,0.6017863196523825,4.0,0.16000123977661132
basePred,pearsonSimilarity,15,,,,0.5153533273546631,0.6015406582868196,4.0,0.16200974464416504
basePred,pearsonSimilarity,20,,,,0.5216545935665444,0.6064595794016476,4.0,0.16263864040374756
basePred,pearsonSimilarity,25,,,,0.5170029698519392,0.6097480585551307,4.0,0.16348661422729494
basePred,pearsonSimilarity,30,,,,0.5129337079293992,0.6133922795019611,4.0,0.16894596099853515
