pred_fun,sim_fun,k1,k2,lmb,lev_th,mean_err,std_err,max_err,mean_time
recursivePred,pearsonSimilarity,15,5,0.3,1,0.484231343993298,0.4259537960673643,1.7758664757807918,1.206263494491577
recursivePred,pearsonSimilarity,15,10,0.3,1,0.4833696252435342,0.42699914436283326,1.888522686087697,1.7199180269241332
recursivePred,pearsonSimilarity,15,15,0.3,1,0.4843855982600693,0.4334544033499747,1.9707565588874112,2.227728624343872
recursivePred,pearsonSimilarity,15,20,0.3,1,0.4901417684085819,0.436875870430651,2.015045816439749,2.7366597127914427
