pred_fun,sim_fun,sim_th1,sim_th2,lmb,lev_th,mean_err,std_err,max_err,mean_time
recursivePred,pearsonSimilarity,0.5,0.1,0.8,0,0.5605928691758661,0.5986501486327441,3.127533796569629,0.574471755027771
recursivePred,pearsonSimilarity,0.5,0.1,0.8,1,0.5331614526836947,0.45999856334725797,2.39152701825014,2.576001605987549
recursivePred,pearsonSimilarity,0.5,0.1,0.8,2,0.5815861920346022,0.5029111263143569,2.402294271909278,13.081816935539246
recursivePred,pearsonSimilarity,0.5,0.1,0.8,3,0.5761621454572312,0.49867136095798836,2.39718051745792,53.79409681797028
