pred_fun,sim_fun,sim_th1,sim_th2,lmb,lev_th,mean_err,std_err,max_err,mean_time
recursivePred,pearsonSimilarity,0.0,0.1,0.5,1.0,0.5156692005528343,0.44838806497596273,2.3127818214692883,3.096222128868103
recursivePred,pearsonSimilarity,0.1,0.1,0.5,1.0,0.5511751453714656,0.47727468235576315,2.4572546968193376,2.6825139904022217
recursivePred,pearsonSimilarity,0.2,0.1,0.5,1.0,0.5527190912816299,0.4746797654201199,2.45059998104928,2.6568106603622437
recursivePred,pearsonSimilarity,0.30000000000000004,0.1,0.5,1.0,0.5552952895557011,0.47307113685744867,2.4150799675940156,2.552651147842407
recursivePred,pearsonSimilarity,0.4,0.1,0.5,1.0,0.5469213151132597,0.4786730025644755,2.4279695956934964,2.6329845333099366
recursivePred,pearsonSimilarity,0.5,0.1,0.5,1.0,0.5365979457819533,0.4591784185474831,2.3812763272389517,2.5937945795059205
recursivePred,pearsonSimilarity,0.6000000000000001,0.1,0.5,1.0,0.5246178787064273,0.4493721857659018,2.361937084488343,2.831669659614563
recursivePred,pearsonSimilarity,0.7000000000000001,0.1,0.5,1.0,0.5368223114885778,0.4755766225225716,2.3000166688947985,2.297177314758301
