pred_fun,sim_fun,k1,k2,lmb,lev_th,mean_err,std_err,max_err,mean_time
basePred,pearsonSimilarity,30,,,,0.518112304906659,0.5549412652794197,2.777196388440401,0.11835384845733643
basePred,cosineSimilarity,30,,,,0.6469776901589533,0.6417087744608971,2.591692911617821,0.09389572143554688
basePred,jaccardSimilarity,30,,,,0.6713850330459243,0.6944882380987928,3.288234827481265,0.09178912162780761
basePred,euclideanDistance,30,,,,0.6574538338487134,0.6684077405934421,2.6698150149613933,0.09505813598632812
basePred,manhattanDistance,30,,,,0.6885731739059024,0.687690696611079,2.838419759047474,0.09643652439117431
