pred_fun,sim_fun,sim_th1,sim_th2,lmb,lev_th,mean_err,std_err,max_err,mean_time
basePred,pearsonSimilarity,,0.1,,,0.5605928691758661,0.5986501486327441,3.127533796569629,0.5339526128768921
basePred,cosineSimilarity,,0.1,,,0.5869829933242997,0.5400228025781577,2.2888887543780023,1.03150616645813
basePred,jaccardSimilarity,,0.1,,,0.6609773985178238,0.6398254295795348,2.863468094317381,0.4351199102401733
basePred,euclideanDistance,,0.1,,,0.8714904639237975,0.9660805669900662,4.0,0.5260029554367065
basePred,manhattanDistance,,0.1,,,2.133752042075611,1.5358289565954995,5.0,0.5790531778335571
